--
-- Data for Name: compania_electrica; Type: TABLE DATA; Schema: tptest; Owner: tf39_dba
--

INSERT INTO tptest.compania_electrica VALUES ('EDESUR');
INSERT INTO tptest.compania_electrica VALUES ('SEECHEP');
INSERT INTO tptest.compania_electrica VALUES ('CAMMESA');
INSERT INTO tptest.compania_electrica VALUES ('EPEC');
INSERT INTO tptest.compania_electrica VALUES ('DPEC');
INSERT INTO tptest.compania_electrica VALUES ('REFSA');
INSERT INTO tptest.compania_electrica VALUES ('APE');
INSERT INTO tptest.compania_electrica VALUES ('EDELAR');
INSERT INTO tptest.compania_electrica VALUES ('EPESF');
INSERT INTO tptest.compania_electrica VALUES ('DPETDF');


--
-- Data for Name: entrega_produccion; Type: TABLE DATA; Schema: tptest; Owner: tf39_dba
--

INSERT INTO tptest.entrega_produccion VALUES ('Atucha', 'Arctic ground squirrel', '2020-02-20', 200);
INSERT INTO tptest.entrega_produccion VALUES ('Metsamor', 'American crow', '2020-02-20', 200);
INSERT INTO tptest.entrega_produccion VALUES ('Doel', 'Chimpanzee', '2020-02-20', 200);
INSERT INTO tptest.entrega_produccion VALUES ('Tihange', 'Coyote', '2020-02-20', 200);
INSERT INTO tptest.entrega_produccion VALUES ('Angra', 'Andean goose', '2020-02-20', 200);
INSERT INTO tptest.entrega_produccion VALUES ('Kozloduy', 'Peregrine falcon', '2020-02-20', 200);
INSERT INTO tptest.entrega_produccion VALUES ('Chinon', 'Canada goose', '2020-02-20', 200);
INSERT INTO tptest.entrega_produccion VALUES ('Cruas', 'Grey heron', '2020-02-20', 200);
INSERT INTO tptest.entrega_produccion VALUES ('Kaigas', 'Lily trotter', '2020-02-20', 200);
INSERT INTO tptest.entrega_produccion VALUES ('Genkai', 'Red brocket', '2020-02-20', 200);
INSERT INTO tptest.entrega_produccion VALUES ('Ikata', 'African elephant', '2020-02-20', 200);
INSERT INTO tptest.entrega_produccion VALUES ('Sendai', 'Tiger', '2020-02-20', 200);
INSERT INTO tptest.entrega_produccion VALUES ('Atucha', 'Mallard', '2020-02-20', 200);
INSERT INTO tptest.entrega_produccion VALUES ('Metsamor', 'Brown and yellow marshbird', '2020-02-20', 200);
INSERT INTO tptest.entrega_produccion VALUES ('Doel', 'American black bear', '2020-02-20', 200);
INSERT INTO tptest.entrega_produccion VALUES ('Tihange', 'Arctic ground squirrel', '2020-02-20', 200);
INSERT INTO tptest.entrega_produccion VALUES ('Angra', 'American crow', '2020-02-20', 200);
INSERT INTO tptest.entrega_produccion VALUES ('Yacireta', 'Arctic ground squirrel', '2020-02-20', 230);
INSERT INTO tptest.entrega_produccion VALUES ('Yacireta', 'American crow', '2020-02-20', 230);
INSERT INTO tptest.entrega_produccion VALUES ('Yacireta', 'Chimpanzee', '2020-02-20', 230);
INSERT INTO tptest.entrega_produccion VALUES ('Yacireta', 'Coyote', '2020-02-20', 230);
INSERT INTO tptest.entrega_produccion VALUES ('Yacireta', 'Andean goose', '2020-02-20', 230);
INSERT INTO tptest.entrega_produccion VALUES ('Yacireta', 'Peregrine falcon', '2020-02-20', 230);
INSERT INTO tptest.entrega_produccion VALUES ('Yacireta', 'Canada goose', '2020-02-20', 230);
INSERT INTO tptest.entrega_produccion VALUES ('Yacireta', 'Grey heron', '2020-02-20', 230);
INSERT INTO tptest.entrega_produccion VALUES ('Yacireta', 'Lily trotter', '2020-02-20', 230);
INSERT INTO tptest.entrega_produccion VALUES ('Yacireta', 'Red brocket', '2020-02-20', 230);
INSERT INTO tptest.entrega_produccion VALUES ('Yacireta', 'African elephant', '2020-02-20', 230);
INSERT INTO tptest.entrega_produccion VALUES ('Yacireta', 'Urial', '2020-02-20', 230);
INSERT INTO tptest.entrega_produccion VALUES ('Yacireta', 'Tiger', '2020-02-20', 230);
INSERT INTO tptest.entrega_produccion VALUES ('Yacireta', 'Banded mongoose', '2020-02-20', 230);
INSERT INTO tptest.entrega_produccion VALUES ('Yacireta', 'Mallard', '2020-02-20', 230);
INSERT INTO tptest.entrega_produccion VALUES ('Yacireta', 'Brown and yellow marshbird', '2020-02-20', 230);
INSERT INTO tptest.entrega_produccion VALUES ('Ikata', 'Urial', '2020-04-23', 202);


--
-- Data for Name: entrega_proveeduria; Type: TABLE DATA; Schema: tptest; Owner: tf39_dba
--

INSERT INTO tptest.entrega_proveeduria VALUES ('Oi', 'Thinfruit Sedge', '2G61T5S30E9613008', 1, 20, '2020-01-01');
INSERT INTO tptest.entrega_proveeduria VALUES ('Oi', 'Florida Feathershank', 'WAUEF98E58A252080', 2, 20, '2020-01-08');
INSERT INTO tptest.entrega_proveeduria VALUES ('Oi', 'Shrubland Beggarticks', '5TDBKRFH8FS511823', 3, 20, '2020-01-14');
INSERT INTO tptest.entrega_proveeduria VALUES ('Oi', 'Salt Heliotrope', 'WAUEF78E48A594494', 4, 20, '2020-01-14');
INSERT INTO tptest.entrega_proveeduria VALUES ('Yacireta', 'Malaysian Persimmon', 'KNAFU6A22D5158119', 5, 20, '2020-01-17');
INSERT INTO tptest.entrega_proveeduria VALUES ('Angra', 'Brazilian Morning-glory', '2HNYD18242H984426', 6, 20, '2020-01-22');
INSERT INTO tptest.entrega_proveeduria VALUES ('Angra', 'Santa Cruz Water-lily', 'WAUET48H06K990351', 7, 20, '2020-02-02');
INSERT INTO tptest.entrega_proveeduria VALUES ('Angra', 'Amur Maackia', 'JH4KC1F75EC057745', 8, 20, '2020-02-06');
INSERT INTO tptest.entrega_proveeduria VALUES ('Angra', 'Fairyduster', 'WAUFEBFM6CA036627', 9, 20, '2020-02-12');
INSERT INTO tptest.entrega_proveeduria VALUES ('Chinon', 'Vadimir Putin', 'JN8AE2KP7E9297237', 11, 20, '2020-02-21');
INSERT INTO tptest.entrega_proveeduria VALUES ('Chinon', 'Fairyduster', 'KMHGH4JH3FU887772', 12, 20, '2020-02-24');
INSERT INTO tptest.entrega_proveeduria VALUES ('Chinon', 'Amur Maackia', 'WBA3B9C52DF386729', 13, 20, '2020-03-02');
INSERT INTO tptest.entrega_proveeduria VALUES ('Chinon', 'Santa Cruz Water-lily', 'WVWAN7AN3DE933179', 14, 20, '2020-03-05');
INSERT INTO tptest.entrega_proveeduria VALUES ('Chinon', 'Brazilian Morning-glory', 'WVWGU7AN6CE947783', 15, 20, '2020-03-07');
INSERT INTO tptest.entrega_proveeduria VALUES ('Chinon', 'Malaysian Persimmon', 'WAULT68E52A697389', 16, 20, '2020-03-12');
INSERT INTO tptest.entrega_proveeduria VALUES ('Chinon', 'Salt Heliotrope', 'SCFLDCFP3EG994456', 17, 20, '2020-03-15');
INSERT INTO tptest.entrega_proveeduria VALUES ('Chinon', 'Shrubland Beggarticks', 'WBA3C1C5XFP154729', 18, 20, '2020-03-19');
INSERT INTO tptest.entrega_proveeduria VALUES ('Chinon', 'Florida Feathershank', 'WAUNF78P57A218970', 19, 20, '2020-03-22');
INSERT INTO tptest.entrega_proveeduria VALUES ('Yacireta', 'Vadimir Putin', 'JN1CV6EKXCM178509', 10, 110, '2019-02-17');


--
-- Data for Name: estacion_primaria; Type: TABLE DATA; Schema: tptest; Owner: tf39_dba
--

INSERT INTO tptest.estacion_primaria VALUES ('American black bear', 19);
INSERT INTO tptest.estacion_primaria VALUES ('Arctic ground squirrel', 14);
INSERT INTO tptest.estacion_primaria VALUES ('American crow', 17);
INSERT INTO tptest.estacion_primaria VALUES ('Chimpanzee', 14);
INSERT INTO tptest.estacion_primaria VALUES ('Coyote', 13);
INSERT INTO tptest.estacion_primaria VALUES ('Andean goose', 19);
INSERT INTO tptest.estacion_primaria VALUES ('Peregrine falcon', 7);
INSERT INTO tptest.estacion_primaria VALUES ('Canada goose', 7);
INSERT INTO tptest.estacion_primaria VALUES ('Grey heron', 17);
INSERT INTO tptest.estacion_primaria VALUES ('Lily trotter', 16);
INSERT INTO tptest.estacion_primaria VALUES ('Red brocket', 4);
INSERT INTO tptest.estacion_primaria VALUES ('African elephant', 16);
INSERT INTO tptest.estacion_primaria VALUES ('Urial', 16);
INSERT INTO tptest.estacion_primaria VALUES ('Tiger', 16);
INSERT INTO tptest.estacion_primaria VALUES ('Banded mongoose', 8);
INSERT INTO tptest.estacion_primaria VALUES ('Mallard', 15);
INSERT INTO tptest.estacion_primaria VALUES ('Brown and yellow marshbird', 13);


--
-- Data for Name: linea; Type: TABLE DATA; Schema: tptest; Owner: tf39_dba
--

INSERT INTO tptest.linea VALUES (1, 1000, 1);
INSERT INTO tptest.linea VALUES (2, 200, 2);
INSERT INTO tptest.linea VALUES (3, 300, 3);
INSERT INTO tptest.linea VALUES (4, 400, 4);
INSERT INTO tptest.linea VALUES (5, 500, 5);
INSERT INTO tptest.linea VALUES (6, 600, 6);
INSERT INTO tptest.linea VALUES (7, 700, 7);
INSERT INTO tptest.linea VALUES (8, 800, 8);
INSERT INTO tptest.linea VALUES (9, 900, 9);
INSERT INTO tptest.linea VALUES (10, 1000, 10);
INSERT INTO tptest.linea VALUES (11, 1100, 11);
INSERT INTO tptest.linea VALUES (12, 120, 12);
INSERT INTO tptest.linea VALUES (13, 1300, 13);
INSERT INTO tptest.linea VALUES (14, 1400, 14);
INSERT INTO tptest.linea VALUES (15, 1500, 15);
INSERT INTO tptest.linea VALUES (16, 1600, 16);
INSERT INTO tptest.linea VALUES (17, 1700, 17);


--
-- Data for Name: productor; Type: TABLE DATA; Schema: tptest; Owner: tf39_dba
--

INSERT INTO tptest.productor VALUES ('Yacireta', 3000, 3100, '1992-04-10');
INSERT INTO tptest.productor VALUES ('Atucha', 692, 745, '2014-06-27');
INSERT INTO tptest.productor VALUES ('Metsamor', 375, 408, '1980-05-03');
INSERT INTO tptest.productor VALUES ('Doel', 1039, 1090, '1985-07-01');
INSERT INTO tptest.productor VALUES ('Tihange', 1046, 1089, '1985-09-01');
INSERT INTO tptest.productor VALUES ('Angra', 1275, 1350, '2001-02-01');
INSERT INTO tptest.productor VALUES ('Kozloduy', 963, 1000, '1988-12-30');
INSERT INTO tptest.productor VALUES ('Chinon', 905, 954, '1985-07-01');
INSERT INTO tptest.productor VALUES ('Cruas', 915, 956, '1985-07-01');
INSERT INTO tptest.productor VALUES ('Kaigas', 202, 220, '1985-07-01');
INSERT INTO tptest.productor VALUES ('Genkai', 1127, 1180, '1994-06-01');
INSERT INTO tptest.productor VALUES ('Ikata', 846, 890, '1990-10-01');
INSERT INTO tptest.productor VALUES ('Oi', 1127, 1180, '1991-12-18');
INSERT INTO tptest.productor VALUES ('Sendai', 846, 890, '1985-07-01');


--
-- Data for Name: productor_hidroelectrico; Type: TABLE DATA; Schema: tptest; Owner: tf39_dba
--

INSERT INTO tptest.productor_hidroelectrico VALUES (200, 100, 15000, 'Doel');


--
-- Data for Name: productor_nuclear; Type: TABLE DATA; Schema: tptest; Owner: tf39_dba
--

INSERT INTO tptest.productor_nuclear VALUES (5000, 100000, 3, 'Yacireta');
INSERT INTO tptest.productor_nuclear VALUES (4000, 500000, 4, 'Angra');
INSERT INTO tptest.productor_nuclear VALUES (2000, 50000, 2, 'Chinon');
INSERT INTO tptest.productor_nuclear VALUES (500, 10000, 1, 'Oi');


--
-- Data for Name: productor_solar; Type: TABLE DATA; Schema: tptest; Owner: tf39_dba
--

INSERT INTO tptest.productor_solar VALUES (12, 500, 'Metsamor');


--
-- Data for Name: productor_termico; Type: TABLE DATA; Schema: tptest; Owner: tf39_dba
--

INSERT INTO tptest.productor_termico VALUES (45, 100, 100000, 'Atucha');
INSERT INTO tptest.productor_termico VALUES (55, 120, 120000, 'Sendai');
INSERT INTO tptest.productor_termico VALUES (55, 120, 10299, 'Ikata');


--
-- Data for Name: proveedor; Type: TABLE DATA; Schema: tptest; Owner: tf39_dba
--

INSERT INTO tptest.proveedor VALUES ('Thinfruit Sedge', 'Colombia');
INSERT INTO tptest.proveedor VALUES ('Florida Feathershank', 'Indonesia');
INSERT INTO tptest.proveedor VALUES ('Shrubland Beggarticks', 'South Africa');
INSERT INTO tptest.proveedor VALUES ('Salt Heliotrope', 'Portugal');
INSERT INTO tptest.proveedor VALUES ('Malaysian Persimmon', 'Philippines');
INSERT INTO tptest.proveedor VALUES ('Brazilian Morning-glory', 'Philippines');
INSERT INTO tptest.proveedor VALUES ('Santa Cruz Water-lily', 'Nigeria');
INSERT INTO tptest.proveedor VALUES ('Amur Maackia', 'Azerbaijan');
INSERT INTO tptest.proveedor VALUES ('Fairyduster', 'Costa Rica');
INSERT INTO tptest.proveedor VALUES ('Vadimir Putin', 'Russia');


--
-- Data for Name: provincia; Type: TABLE DATA; Schema: tptest; Owner: tf39_dba
--

INSERT INTO tptest.provincia VALUES ('Buenos Aires', 'BA');
INSERT INTO tptest.provincia VALUES ('Catamarca', 'CA');
INSERT INTO tptest.provincia VALUES ('Chaco', 'CH');
INSERT INTO tptest.provincia VALUES ('Chubut', 'CT');
INSERT INTO tptest.provincia VALUES ('Cordoba', 'CB');
INSERT INTO tptest.provincia VALUES ('Corrientes', 'CR');
INSERT INTO tptest.provincia VALUES ('Entre Rios', 'ER');
INSERT INTO tptest.provincia VALUES ('Formosa', 'FO');
INSERT INTO tptest.provincia VALUES ('Jujuy', 'JY');
INSERT INTO tptest.provincia VALUES ('La Pampa', 'LP');
INSERT INTO tptest.provincia VALUES ('La Rioja', 'LR');
INSERT INTO tptest.provincia VALUES ('Mendoza', 'MZ');
INSERT INTO tptest.provincia VALUES ('Misiones', 'MI');
INSERT INTO tptest.provincia VALUES ('Neuquen', 'NQ');
INSERT INTO tptest.provincia VALUES ('Rio Negro', 'RN');
INSERT INTO tptest.provincia VALUES ('Salta', 'SA');
INSERT INTO tptest.provincia VALUES ('San Juan', 'SJ');
INSERT INTO tptest.provincia VALUES ('San Luis', 'SL');
INSERT INTO tptest.provincia VALUES ('Santa Cruz', 'SC');
INSERT INTO tptest.provincia VALUES ('Santa Fe', 'SF');
INSERT INTO tptest.provincia VALUES ('Santiago del Estero', 'SE');
INSERT INTO tptest.provincia VALUES ('Tierra del Fuego', 'TF');
INSERT INTO tptest.provincia VALUES ('Tucuman', 'TU');


--
-- Data for Name: red_distribucion; Type: TABLE DATA; Schema: tptest; Owner: tf39_dba
--

INSERT INTO tptest.red_distribucion VALUES (1, 'American black bear');
INSERT INTO tptest.red_distribucion VALUES (2, 'Arctic ground squirrel');
INSERT INTO tptest.red_distribucion VALUES (3, 'American crow');
INSERT INTO tptest.red_distribucion VALUES (4, 'Chimpanzee');
INSERT INTO tptest.red_distribucion VALUES (5, 'Coyote');
INSERT INTO tptest.red_distribucion VALUES (6, 'Andean goose');
INSERT INTO tptest.red_distribucion VALUES (7, 'Peregrine falcon');
INSERT INTO tptest.red_distribucion VALUES (8, 'Canada goose');
INSERT INTO tptest.red_distribucion VALUES (9, 'Grey heron');
INSERT INTO tptest.red_distribucion VALUES (10, 'Lily trotter');
INSERT INTO tptest.red_distribucion VALUES (11, 'Red brocket');
INSERT INTO tptest.red_distribucion VALUES (12, 'African elephant');
INSERT INTO tptest.red_distribucion VALUES (13, 'Urial');
INSERT INTO tptest.red_distribucion VALUES (14, 'Tiger');
INSERT INTO tptest.red_distribucion VALUES (15, 'Banded mongoose');
INSERT INTO tptest.red_distribucion VALUES (16, 'Mallard');
INSERT INTO tptest.red_distribucion VALUES (17, 'Brown and yellow marshbird');


--
-- Data for Name: red_pertenece_compania; Type: TABLE DATA; Schema: tptest; Owner: tf39_dba
--

INSERT INTO tptest.red_pertenece_compania VALUES ('EDESUR', 1);
INSERT INTO tptest.red_pertenece_compania VALUES ('SEECHEP', 2);
INSERT INTO tptest.red_pertenece_compania VALUES ('CAMMESA', 3);
INSERT INTO tptest.red_pertenece_compania VALUES ('EPEC', 4);
INSERT INTO tptest.red_pertenece_compania VALUES ('DPEC', 5);
INSERT INTO tptest.red_pertenece_compania VALUES ('REFSA', 6);
INSERT INTO tptest.red_pertenece_compania VALUES ('APE', 7);
INSERT INTO tptest.red_pertenece_compania VALUES ('EDELAR', 8);
INSERT INTO tptest.red_pertenece_compania VALUES ('EPESF', 9);
INSERT INTO tptest.red_pertenece_compania VALUES ('DPETDF', 10);
INSERT INTO tptest.red_pertenece_compania VALUES ('EDESUR', 11);
INSERT INTO tptest.red_pertenece_compania VALUES ('SEECHEP', 12);
INSERT INTO tptest.red_pertenece_compania VALUES ('CAMMESA', 13);
INSERT INTO tptest.red_pertenece_compania VALUES ('EPEC', 14);
INSERT INTO tptest.red_pertenece_compania VALUES ('DPEC', 15);
INSERT INTO tptest.red_pertenece_compania VALUES ('REFSA', 16);
INSERT INTO tptest.red_pertenece_compania VALUES ('APE', 17);
INSERT INTO tptest.red_pertenece_compania VALUES ('EDELAR', 1);


--
-- Data for Name: subestacion; Type: TABLE DATA; Schema: tptest; Owner: tf39_dba
--

INSERT INTO tptest.subestacion VALUES (1, 1);
INSERT INTO tptest.subestacion VALUES (2, 2);
INSERT INTO tptest.subestacion VALUES (3, 3);
INSERT INTO tptest.subestacion VALUES (4, 4);
INSERT INTO tptest.subestacion VALUES (5, 5);
INSERT INTO tptest.subestacion VALUES (6, 6);
INSERT INTO tptest.subestacion VALUES (7, 7);
INSERT INTO tptest.subestacion VALUES (8, 8);
INSERT INTO tptest.subestacion VALUES (9, 9);
INSERT INTO tptest.subestacion VALUES (10, 10);
INSERT INTO tptest.subestacion VALUES (11, 11);
INSERT INTO tptest.subestacion VALUES (12, 12);
INSERT INTO tptest.subestacion VALUES (13, 13);
INSERT INTO tptest.subestacion VALUES (14, 14);
INSERT INTO tptest.subestacion VALUES (15, 15);
INSERT INTO tptest.subestacion VALUES (16, 16);
INSERT INTO tptest.subestacion VALUES (17, 17);
INSERT INTO tptest.subestacion VALUES (18, 8);
INSERT INTO tptest.subestacion VALUES (19, 9);
INSERT INTO tptest.subestacion VALUES (20, 2);
INSERT INTO tptest.subestacion VALUES (21, 12);
INSERT INTO tptest.subestacion VALUES (22, 1);
INSERT INTO tptest.subestacion VALUES (23, 3);
INSERT INTO tptest.subestacion VALUES (24, 4);
INSERT INTO tptest.subestacion VALUES (25, 5);
INSERT INTO tptest.subestacion VALUES (26, 6);
INSERT INTO tptest.subestacion VALUES (27, 7);
INSERT INTO tptest.subestacion VALUES (28, 10);
INSERT INTO tptest.subestacion VALUES (29, 11);
INSERT INTO tptest.subestacion VALUES (30, 13);
INSERT INTO tptest.subestacion VALUES (31, 14);
INSERT INTO tptest.subestacion VALUES (32, 15);
INSERT INTO tptest.subestacion VALUES (33, 16);
INSERT INTO tptest.subestacion VALUES (34, 17);


--
-- Data for Name: suministro_inter_red; Type: TABLE DATA; Schema: tptest; Owner: tf39_dba
--

INSERT INTO tptest.suministro_inter_red VALUES (1, 2, 200, '2020-01-03');
INSERT INTO tptest.suministro_inter_red VALUES (3, 6, 200, '2020-01-03');
INSERT INTO tptest.suministro_inter_red VALUES (4, 8, 330, '2020-01-03');
INSERT INTO tptest.suministro_inter_red VALUES (2, 10, 400, '2019-06-23');
INSERT INTO tptest.suministro_inter_red VALUES (4, 10, 400, '2019-08-23');


--
-- Data for Name: transportista; Type: TABLE DATA; Schema: tptest; Owner: tf39_dba
--

INSERT INTO tptest.transportista VALUES ('Stiffleaf False Goldenaster', '5TDBKRFH8FS511823');
INSERT INTO tptest.transportista VALUES ('Candlewood', 'WAUEF78E48A594494');
INSERT INTO tptest.transportista VALUES ('Lilythorn', 'KNAFU6A22D5158119');
INSERT INTO tptest.transportista VALUES ('Fontinalis Moss', '2HNYD18242H984426');
INSERT INTO tptest.transportista VALUES ('Pencilmark Lichen', 'WAUET48H06K990351');
INSERT INTO tptest.transportista VALUES ('Rio Grande Phlox', 'JH4KC1F75EC057745');
INSERT INTO tptest.transportista VALUES ('Shasta Knotweed', 'WAUFEBFM6CA036627');
INSERT INTO tptest.transportista VALUES ('Snowqueen', 'JN1CV6EKXCM178509');
INSERT INTO tptest.transportista VALUES ('Bindweed Dwarf Morning-glory', 'JN8AE2KP7E9297237');
INSERT INTO tptest.transportista VALUES ('California Silverbush', 'KMHGH4JH3FU887772');
INSERT INTO tptest.transportista VALUES ('Lurid Fishscale Lichen', 'WBA3B9C52DF386729');
INSERT INTO tptest.transportista VALUES ('Largeflower Crested Coralroot', '2G61T5S30E9613008');
INSERT INTO tptest.transportista VALUES ('White Wormwood', 'WVWAN7AN3DE933179');
INSERT INTO tptest.transportista VALUES ('Jamaican Pepper', 'WVWGU7AN6CE947783');
INSERT INTO tptest.transportista VALUES ('Cattail Grass', 'WAULT68E52A697389');
INSERT INTO tptest.transportista VALUES ('Ballmustard', 'WAUEF98E58A252080');
INSERT INTO tptest.transportista VALUES ('Nutrush', 'SCFLDCFP3EG994456');
INSERT INTO tptest.transportista VALUES ('Cup Lichen', 'WBA3C1C5XFP154729');
INSERT INTO tptest.transportista VALUES ('Fedex', 'WAUNF78P57A218970');


--
-- Data for Name: zona; Type: TABLE DATA; Schema: tptest; Owner: tf39_dba
--

INSERT INTO tptest.zona VALUES ('1', 211612, 18.75, 734, 4585, 'Buenos Aires', 1);
INSERT INTO tptest.zona VALUES ('2', 333985, 25.2199999999999989, 835, 4565, 'Catamarca', 2);
INSERT INTO tptest.zona VALUES ('3', 164697, 50.5499999999999972, 235, 4426, 'Chaco', 3);
INSERT INTO tptest.zona VALUES ('4', 178460, 63.5200000000000031, 609, 8106, 'Chubut', 4);
INSERT INTO tptest.zona VALUES ('5', 513983, 61.1199999999999974, 880, 7306, 'Cordoba', 5);
INSERT INTO tptest.zona VALUES ('6', 611720, 87.1099999999999994, 788, 4454, 'Corrientes', 6);
INSERT INTO tptest.zona VALUES ('7', 753273, 43.5399999999999991, 583, 6245, 'Entre Rios', 7);
INSERT INTO tptest.zona VALUES ('8', 191333, 98.3199999999999932, 873, 5263, 'Formosa', 8);
INSERT INTO tptest.zona VALUES ('9', 121209, 12.8900000000000006, 298, 3289, 'Jujuy', 9);
INSERT INTO tptest.zona VALUES ('10', 232348, 32.8900000000000006, 543, 4432, 'La Pampa', 10);
INSERT INTO tptest.zona VALUES ('11', 102848, 48.2299999999999969, 853, 3941, 'La Rioja', 11);
INSERT INTO tptest.zona VALUES ('12', 235905, 51.1400000000000006, 712, 6432, 'Mendoza', 12);
INSERT INTO tptest.zona VALUES ('13', 230999, 30.3299999999999983, 904, 4129, 'Misiones', 13);
INSERT INTO tptest.zona VALUES ('14', 223344, 44.2100000000000009, 782, 3255, 'Neuquen', 14);
INSERT INTO tptest.zona VALUES ('15', 121448, 22.129999999999999, 499, 1233, 'Rio Negro', 15);
INSERT INTO tptest.zona VALUES ('16', 120999, 13.5099999999999998, 783, 3421, 'Salta', 16);
INSERT INTO tptest.zona VALUES ('17', 321299, 18.4400000000000013, 432, 3211, 'San Juan', 17);
INSERT INTO tptest.zona VALUES ('18', 384413, 31.2199999999999989, 443, 4221, 'San Luis', 18);
INSERT INTO tptest.zona VALUES ('19', 188443, 41.3299999999999983, 308, 5128, 'Santa Cruz', 19);
INSERT INTO tptest.zona VALUES ('20', 699939, 61.3900000000000006, 808, 6151, 'Santa Fe', 20);
INSERT INTO tptest.zona VALUES ('21', 400933, 32.2199999999999989, 143, 2412, 'Santiago del Estero', 21);
INSERT INTO tptest.zona VALUES ('22', 144122, 50.4500000000000028, 255, 2394, 'Tierra del Fuego', 22);
INSERT INTO tptest.zona VALUES ('23', 234944, 28.3099999999999987, 341, 3212, 'Tucuman', 23);
INSERT INTO tptest.zona VALUES ('24', 214444, 22.5399999999999991, 133, 1244, 'Buenos Aires', 24);
INSERT INTO tptest.zona VALUES ('25', 122334, 11.3300000000000001, 301, 2144, 'Catamarca', 25);
INSERT INTO tptest.zona VALUES ('26', 123399, 13.4399999999999995, 104, 1001, 'Chaco', 26);
INSERT INTO tptest.zona VALUES ('27', 133012, 7.12000000000000011, 105, 2009, 'Chubut', 27);
INSERT INTO tptest.zona VALUES ('28', 300122, 42.3100000000000023, 812, 4388, 'Cordoba', 28);
INSERT INTO tptest.zona VALUES ('29', 444112, 33.4500000000000028, 312, 4465, 'Corrientes', 29);
INSERT INTO tptest.zona VALUES ('30', 412943, 55.4699999999999989, 349, 5513, 'Entre Rios', 30);
INSERT INTO tptest.zona VALUES ('31', 492441, 31.3299999999999983, 231, 5562, 'Formosa', 31);
INSERT INTO tptest.zona VALUES ('32', 322333, 13.6500000000000004, 143, 2441, 'Jujuy', 32);
INSERT INTO tptest.zona VALUES ('33', 519222, 71.2099999999999937, 413, 4164, 'La Pampa', 33);
INSERT INTO tptest.zona VALUES ('34', 124244, 22.5100000000000016, 612, 4123, 'La Rioja', 34);
INSERT INTO tptest.zona VALUES ('35', 3423435, 98, 300, 21425423, 'Jujuy', 34);
INSERT INTO tptest.zona VALUES ('36', 3423435, 98.3199999999999932, 300, 21425423, 'Jujuy', 34);
